g22_option_1,g22_option_2,g22_option_3,g22_option_4,g22_option_5
José Luis Cubillos,Nicolas Alejandro Ortiz Munoz,Rodolfo Cruz,Nulo,Blanco
Rodolfo Cruz,José Luis Cubillos,Nicolas Alejandro Ortiz Munoz,Nulo,Blanco
José Luis Cubillos,Nicolas Alejandro Ortiz Munoz,Rodolfo Cruz,Nulo,Blanco
Nicolas Alejandro Ortiz Munoz,Rodolfo Cruz,José Luis Cubillos,Nulo,Blanco
Rodolfo Cruz,Nicolas Alejandro Ortiz Munoz,José Luis Cubillos,Nulo,Blanco
José Luis Cubillos,Nicolas Alejandro Ortiz Munoz,Rodolfo Cruz,Nulo,Blanco
José Luis Cubillos,Nicolas Alejandro Ortiz Munoz,Rodolfo Cruz,Nulo,Blanco
José Luis Cubillos,Nicolas Alejandro Ortiz Munoz,Nulo,Blanco,Rodolfo Cruz
Rodolfo Cruz,José Luis Cubillos,Nicolas Alejandro Ortiz Munoz,Nulo,Blanco
Nulo,Blanco,José Luis Cubillos,Rodolfo Cruz,Nicolas Alejandro Ortiz Munoz
Rodolfo Cruz,José Luis Cubillos,Nicolas Alejandro Ortiz Munoz,Nulo,Blanco
Rodolfo Cruz,José Luis Cubillos,Nulo,Blanco,Nicolas Alejandro Ortiz Munoz
Rodolfo Cruz,José Luis Cubillos,Nulo,Blanco,Nicolas Alejandro Ortiz Munoz
Rodolfo Cruz,José Luis Cubillos,Nicolas Alejandro Ortiz Munoz,Nulo,Blanco
Rodolfo Cruz,Blanco,Nulo,Nicolas Alejandro Ortiz Munoz,José Luis Cubillos
José Luis Cubillos,Nicolas Alejandro Ortiz Munoz,Rodolfo Cruz,Nulo,Blanco
José Luis Cubillos,Rodolfo Cruz,Nulo,Blanco,Nicolas Alejandro Ortiz Munoz
Rodolfo Cruz,José Luis Cubillos,Nicolas Alejandro Ortiz Munoz,Nulo,Blanco
José Luis Cubillos,Rodolfo Cruz,Nicolas Alejandro Ortiz Munoz,Nulo,Blanco
Rodolfo Cruz,José Luis Cubillos,Nicolas Alejandro Ortiz Munoz,Nulo,Blanco
Nulo,José Luis Cubillos,Rodolfo Cruz,Blanco,Nicolas Alejandro Ortiz Munoz
Rodolfo Cruz,José Luis Cubillos,Nulo,Blanco,Nicolas Alejandro Ortiz Munoz
José Luis Cubillos,Rodolfo Cruz,Nicolas Alejandro Ortiz Munoz,Nulo,Blanco
Rodolfo Cruz,José Luis Cubillos,Blanco,Nulo,Nicolas Alejandro Ortiz Munoz
José Luis Cubillos,Rodolfo Cruz,Nulo,Blanco,Nicolas Alejandro Ortiz Munoz
Rodolfo Cruz,José Luis Cubillos,Blanco,Nulo,Nicolas Alejandro Ortiz Munoz
José Luis Cubillos,Rodolfo Cruz,Blanco,Nulo,Nicolas Alejandro Ortiz Munoz
Rodolfo Cruz,Nicolas Alejandro Ortiz Munoz,Nulo,Blanco,José Luis Cubillos
Nulo,Blanco,Rodolfo Cruz,José Luis Cubillos,Nicolas Alejandro Ortiz Munoz
José Luis Cubillos,Rodolfo Cruz,Nicolas Alejandro Ortiz Munoz,Nulo,Blanco
José Luis Cubillos,Nulo,Blanco,Rodolfo Cruz,Nicolas Alejandro Ortiz Munoz
Rodolfo Cruz,José Luis Cubillos,Nulo,Blanco,Nicolas Alejandro Ortiz Munoz
Rodolfo Cruz,José Luis Cubillos,Nicolas Alejandro Ortiz Munoz,Nulo,Blanco
